District,STATE,ID
MORBI,GUJARAT,1
AHMADABAD,GUJARAT,2
ANAND,GUJARAT,3
DEVBHUMI_DWARKA,GUJARAT,4
JAMNAGAR,GUJARAT,5
KACHCHH,GUJARAT,6
BHAVNAGAR,GUJARAT,7
BHARUCH,GUJARAT,8
SURAT,GUJARAT,9
NAVSARI,GUJARAT,10
VALSAD,GUJARAT,11
AGAR_MALWA,MADHYA_PRADESH,12
DISPUTED_(RATLAM_&_MANDSAUR),MADHYA_PRADESH,13
AGRA,UTTAR_PRADESH,14
AJMER,RAJASTHAN,15
ALAPPUZHA,KERALA,16
ALIGARH,UTTAR_PRADESH,17
ALIRAJPUR,MADHYA_PRADESH,18
DISPUTED_(ALIRAJPUR_&_DAHOD),DISPUTED_(MADHYA_PRADESH_&_GUJARAT),19
ALMORA,UTTARAKHAND,20
ALWAR,RAJASTHAN,21
AMBEDKARNAGAR,UTTAR_PRADESH,22
AMETHI,UTTAR_PRADESH,23
AMROHA,UTTAR_PRADESH,24
ANANTAPUR,ANDHRA_PRADESH,25
ANUGUL,ODISHA,26
ANUPPUR,MADHYA_PRADESH,27
ARAVALLI,GUJARAT,28
ASHOKNAGAR,MADHYA_PRADESH,29
AURAIYA,UTTAR_PRADESH,30
AZAMGARH,UTTAR_PRADESH,31
BUDAUN,UTTAR_PRADESH,32
BAGALKOT,KARNATAKA,33
BAGESHWAR,UTTARAKHAND,34
BAGHPAT,UTTAR_PRADESH,35
BAHRAICH,UTTAR_PRADESH,36
BALAGHAT,MADHYA_PRADESH,37
BOLANGIR_(BALANGIR),ODISHA,38
BALASORE_(BALESHWAR),ODISHA,39
BALLARI,KARNATAKA,40
BALLIA,UTTAR_PRADESH,41
BALOD,CHHATTISGARH,42
BALODA_BAZAR,CHHATTISGARH,43
BALRAMPUR,CHHATTISGARH,44
BALRAMPUR,UTTAR_PRADESH,45
BANAS_KANTHA,GUJARAT,46
BANDA,UTTAR_PRADESH,47
BANSWARA,RAJASTHAN,48
BARABANKI,UTTAR_PRADESH,49
BARAGARH,ODISHA,50
BARAN,RAJASTHAN,51
BAREILLY,UTTAR_PRADESH,52
BARMER,RAJASTHAN,53
BARWANI,MADHYA_PRADESH,54
BASTAR,CHHATTISGARH,55
BASTI,UTTAR_PRADESH,56
BELAGAVI,KARNATAKA,57
BEMETARA,CHHATTISGARH,58
BENGALURU_RURAL,KARNATAKA,59
BENGALURU_URBAN,KARNATAKA,60
BETUL,MADHYA_PRADESH,61
BHADOHI,UTTAR_PRADESH,62
BHADRAK,ODISHA,63
BHARATPUR,RAJASTHAN,64
BHILWARA,RAJASTHAN,65
BHIND,MADHYA_PRADESH,66
BHOPAL,MADHYA_PRADESH,67
BIDAR,KARNATAKA,68
BIJAPUR,CHHATTISGARH,69
BIJNOR,UTTAR_PRADESH,70
BIKANER,RAJASTHAN,71
BILASPUR,CHHATTISGARH,72
GAURELA-PENDRA-MARWAHI,CHHATTISGARH,73
BILASPUR,HIMACHAL_PRADESH,74
BISHNUPUR,MANIPUR,75
BOKARO,JHARKHAND,76
BULANDSHAHR,UTTAR_PRADESH,77
BUNDI,RAJASTHAN,78
BURHANPUR,MADHYA_PRADESH,79
CENTRAL,DELHI,80
CHAMARAJANAGAR,KARNATAKA,81
CHAMBA,HIMACHAL_PRADESH,82
CHAMPAWAT,UTTARAKHAND,83
CHAMPHAI,MIZORAM,84
CHANDAULI,UTTAR_PRADESH,85
CHANDEL,MANIPUR,86
CHANDIGARH,CHANDIGARH,87
CHATRA,JHARKHAND,88
CHHATARPUR,MADHYA_PRADESH,89
CHHINDWARA,MADHYA_PRADESH,90
CHHOTA_UDEPUR,GUJARAT,91
CHIK_BALLAPUR,KARNATAKA,92
CHIKKAMAGALURU,KARNATAKA,93
CHITRADURGA,KARNATAKA,94
CHITRAKOOT,UTTAR_PRADESH,95
CHITTAURGARH,RAJASTHAN,96
CHITTOOR,ANDHRA_PRADESH,97
CHURACHANDPUR,MANIPUR,98
CHURU,RAJASTHAN,99
Y_S_R_KADAPA,ANDHRA_PRADESH,100
CUTTACK,ODISHA,101
DAHOD,GUJARAT,102
DAKSHINA__KANNADA,KARNATAKA,103
DAMAN,DADRA_&_NAGAR_HAVELI_&_DAMAN_&_DIU,104
DAMOH,MADHYA_PRADESH,105
DANGS,GUJARAT,106
DAKSHIN_BASTAR_DANTEWADA,CHHATTISGARH,107
DATIA,MADHYA_PRADESH,108
DAUSA,RAJASTHAN,109
DAVANGERE,KARNATAKA,110
DEHRADUN,UTTARAKHAND,111
DEOGARH,ODISHA,112
DEORIA,UTTAR_PRADESH,113
DEWAS,MADHYA_PRADESH,114
DHALAI,TRIPURA,115
DHAMTARI,CHHATTISGARH,116
DHANBAD,JHARKHAND,117
DHAR,MADHYA_PRADESH,118
AYODHYA,UTTAR_PRADESH,119
DEOGHAR,JHARKHAND,120
DHARWAD,KARNATAKA,121
DHENKANAL,ODISHA,122
DHAULPUR,RAJASTHAN,123
DINDORI,MADHYA_PRADESH,124
DUMKA,JHARKHAND,125
DUNGARPUR,RAJASTHAN,126
DURG,CHHATTISGARH,127
EAST,DELHI,128
EAST,SIKKIM,129
EAST_GARO_HILLS,MEGHALAYA,130
EAST_GODAVARI,ANDHRA_PRADESH,131
EAST_KHASI_HILLS,MEGHALAYA,132
EAST_NIMAR,MADHYA_PRADESH,133
ERNAKULAM,KERALA,134
ETAH,UTTAR_PRADESH,135
ETAWAH,UTTAR_PRADESH,136
FARRUKHABAD,UTTAR_PRADESH,137
FATEHPUR,UTTAR_PRADESH,138
FIROZABAD,UTTAR_PRADESH,139
GADAG,KARNATAKA,140
GAJAPATI,ODISHA,141
GANJAM,ODISHA,142
GARHWA,JHARKHAND,143
GARIYABAND,CHHATTISGARH,144
GAUTAMBUDHNAGAR,UTTAR_PRADESH,145
GAZIPUR,UTTAR_PRADESH,146
GHAZIABAD,UTTAR_PRADESH,147
GIR_SOMNATH,GUJARAT,148
GIRIDIH,JHARKHAND,149
GODDA,JHARKHAND,150
GOMATI,TRIPURA,151
GONDA,UTTAR_PRADESH,152
GORAKHPUR,UTTAR_PRADESH,153
GUMLA,JHARKHAND,154
GUNA,MADHYA_PRADESH,155
GUNTUR,ANDHRA_PRADESH,156
GWALIOR,MADHYA_PRADESH,157
HAMIRPUR,HIMACHAL_PRADESH,158
HAMIRPUR,UTTAR_PRADESH,159
HANUMANGARH,RAJASTHAN,160
HAPUR,UTTAR_PRADESH,161
HARDA,MADHYA_PRADESH,162
HARDOI,UTTAR_PRADESH,163
HARIDWAR,UTTARAKHAND,164
HASSAN,KARNATAKA,165
HATHRAS,UTTAR_PRADESH,166
HAVERI,KARNATAKA,167
HAZARIBAGH,JHARKHAND,168
HOSHANGABAD,MADHYA_PRADESH,169
IDUKKI,KERALA,170
IMPHAL_WEST,MANIPUR,171
INDORE,MADHYA_PRADESH,172
JABALPUR,MADHYA_PRADESH,173
JAGATSINGHPUR,ODISHA,174
JAIPUR,RAJASTHAN,175
JAISALMER,RAJASTHAN,176
JAJAPUR,ODISHA,177
JALAUN,UTTAR_PRADESH,178
JALOR,RAJASTHAN,179
JAMTARA,JHARKHAND,180
JANJGIR_-_CHAMPA,CHHATTISGARH,181
JASHPUR,CHHATTISGARH,182
JAUNPUR,UTTAR_PRADESH,183
JHABUA,MADHYA_PRADESH,184
DISPUTED_(RATLAM_&_BANSWARA),DISPUTED_(MADHYA_PRADESH_&_RAJASTHAN),185
JHALAWAR,RAJASTHAN,186
JHANSI,UTTAR_PRADESH,187
JHARSUGUDA,ODISHA,188
JHUNJHUNUN,RAJASTHAN,189
JODHPUR,RAJASTHAN,190
JUNAGADH,GUJARAT,191
KABIRDHAM,CHHATTISGARH,192
KALABURAGI,KARNATAKA,193
KALAHANDI,ODISHA,194
KANDHAMAL,ODISHA,195
KANGRA,HIMACHAL_PRADESH,196
UTTAR_BASTAR_KANKER,CHHATTISGARH,197
KANNAUJ,UTTAR_PRADESH,198
KANNUR,KERALA,199
KANPUR,UTTAR_PRADESH,200
KANPUR_DEHAT,UTTAR_PRADESH,201
KARAIKAL,PUDUCHERRY,202
KARAULI,RAJASTHAN,203
KASARAGOD,KERALA,204
KASGANJ,UTTAR_PRADESH,205
KATNI,MADHYA_PRADESH,206
KAUSHAMBI,UTTAR_PRADESH,207
KENDRAPARHA,ODISHA,208
KEONJHAR_(KENDUJHAR),ODISHA,209
KHERI,UTTAR_PRADESH,210
KHORDHA,ODISHA,211
KHOWAI,TRIPURA,212
KHUNTI,JHARKHAND,213
GANGANAGAR,RAJASTHAN,214
EAST_JAINTIA_HILLS,MEGHALAYA,215
KODAGU,KARNATAKA,216
KODARMA,JHARKHAND,217
KOLAR,KARNATAKA,218
KOLLAM,KERALA,219
KONDAGAON,CHHATTISGARH,220
KOPPAL,KARNATAKA,221
KORAPUT,ODISHA,222
KORBA,CHHATTISGARH,223
KOREA,CHHATTISGARH,224
KOTA,RAJASTHAN,225
KOTTAYAM,KERALA,226
KOZHIKODE,KERALA,227
KRISHNA,ANDHRA_PRADESH,228
KULLU,HIMACHAL_PRADESH,229
KURNOOL,ANDHRA_PRADESH,230
KUSHINAGAR,UTTAR_PRADESH,231
LAKSHADWEEP,LAKSHADWEEP,232
LALITPUR,UTTAR_PRADESH,233
LATEHAR,JHARKHAND,234
LOHARDAGA,JHARKHAND,235
LUCKNOW,UTTAR_PRADESH,236
MAHASAMUND,CHHATTISGARH,237
MAHE,PUDUCHERRY,238
MAHISAGAR,GUJARAT,239
MAHOBA,UTTAR_PRADESH,240
MAINPURI,UTTAR_PRADESH,241
MALAPPURAM,KERALA,242
"DISPUTED_(SAHIBGANJ,_MALDAH_&_KATIHAR)","DISPUTED_(WEST_BENGAL_,_BIHAR_&_JHARKHAND)",243
MALKANGIRI,ODISHA,244
MANDYA,KARNATAKA,245
MANDI,HIMACHAL_PRADESH,246
MANDLA,MADHYA_PRADESH,247
MANDSAUR,MADHYA_PRADESH,248
MATHURA,UTTAR_PRADESH,249
MAU,UTTAR_PRADESH,250
MAYURBHANJ,ODISHA,251
MEERUT,UTTAR_PRADESH,252
MIRZAPUR,UTTAR_PRADESH,253
MORADABAD,UTTAR_PRADESH,254
MORENA,MADHYA_PRADESH,255
MUNGELI,CHHATTISGARH,256
MUZAFFARNAGAR,UTTAR_PRADESH,257
MYSURU,KARNATAKA,258
NABARANGAPUR,ODISHA,259
NAGAUR,RAJASTHAN,260
NAINITAL,UTTARAKHAND,261
NARAINPUR,CHHATTISGARH,262
NARMADA,GUJARAT,263
NARSHIMAPURA,MADHYA_PRADESH,264
NAYAGARH,ODISHA,265
POTTI_SRIRAMULU_NELLORE,ANDHRA_PRADESH,266
NEW_DELHI,DELHI,267
NICOBAR,ANDAMAN_&_NICOBAR,268
NIMACH,MADHYA_PRADESH,269
NORTH,DELHI,270
NORTH,SIKKIM,271
NORTH_&_MIDDLE_ANDAMAN,ANDAMAN_&_NICOBAR,272
NORTH_EAST,DELHI,273
NORTH_GOA,GOA,274
NORTH_TRIPURA,TRIPURA,275
NORTH_WEST,DELHI,276
NUAPARHA,ODISHA,277
PAKUR,JHARKHAND,278
PALAKKAD,KERALA,279
PALAMU,JHARKHAND,280
PALI,RAJASTHAN,281
PANCH_MAHALS,GUJARAT,282
PANNA,MADHYA_PRADESH,283
WEST_SINGHBHUM,JHARKHAND,284
PATTANAMTHITTA,KERALA,285
PAURI_GARHWAL,UTTARAKHAND,286
PILIBHIT,UTTAR_PRADESH,287
PRAKASAM,ANDHRA_PRADESH,288
PRATAPGARH,RAJASTHAN,289
DISPUTED_(MANDSAUR_&_JHALAWAR),DISPUTED_(MADHYA_PRADESH_&_RAJASTHAN),290
PRATAPGARH,UTTAR_PRADESH,291
PUDUCHERRY,PUDUCHERRY,292
EAST_SINGHBHUM,JHARKHAND,293
PURI,ODISHA,294
RAIBEARELI,UTTAR_PRADESH,295
RAICHUR,KARNATAKA,296
RAIGARH,CHHATTISGARH,297
RAIPUR,CHHATTISGARH,298
RAISEN,MADHYA_PRADESH,299
RAJ_NANDGAON,CHHATTISGARH,300
RAJGARH,MADHYA_PRADESH,301
RAJ_SAMAND,RAJASTHAN,302
RAMGARH,JHARKHAND,303
RAMANAGARAM,KARNATAKA,304
RAMPUR,UTTAR_PRADESH,305
RANCHI,JHARKHAND,306
RATLAM,MADHYA_PRADESH,307
RAYAGARHA,ODISHA,308
REWA,MADHYA_PRADESH,309
RUDRAPRAYAG,UTTARAKHAND,310
SABAR_KANTHA,GUJARAT,311
SAGAR,MADHYA_PRADESH,312
SAHARANPUR,UTTAR_PRADESH,313
SAHIBGANJ,JHARKHAND,314
SAIHA,MIZORAM,315
SAMBALPUR,ODISHA,316
SAMBHAL,UTTAR_PRADESH,317
SANTKABIRNAGAR,UTTAR_PRADESH,318
SARAIKELA-KHARSAWAN,JHARKHAND,319
SATNA,MADHYA_PRADESH,320
SAWAI_MADHOPUR,RAJASTHAN,321
SEHORE,MADHYA_PRADESH,322
SEONI,MADHYA_PRADESH,323
SEPAHIJALA,TRIPURA,324
SHAHADRA,DELHI,325
SHAHDOL,MADHYA_PRADESH,326
SHAHJAHANPUR,UTTAR_PRADESH,327
SHAJAPUR,MADHYA_PRADESH,328
SHAMLI,UTTAR_PRADESH,329
SHEOPUR,MADHYA_PRADESH,330
SHIMLA,HIMACHAL_PRADESH,331
SHIVAMOGGA,KARNATAKA,332
SHIVPURI,MADHYA_PRADESH,333
SHRAWASTI,UTTAR_PRADESH,334
SIDDHARTHNAGAR,UTTAR_PRADESH,335
SIDHI,MADHYA_PRADESH,336
SIKAR,RAJASTHAN,337
SIMDEGA,JHARKHAND,338
SINGRAULI,MADHYA_PRADESH,339
SIRMAUR,HIMACHAL_PRADESH,340
SIROHI,RAJASTHAN,341
SITAPUR,UTTAR_PRADESH,342
SOLAN,HIMACHAL_PRADESH,343
SONBHADRA,UTTAR_PRADESH,344
SOUTH,DELHI,345
SOUTH,SIKKIM,346
SOUTH_ANDAMAN,ANDAMAN_&_NICOBAR,347
SOUTH_GARO_HILLS,MEGHALAYA,348
SOUTH_GOA,GOA,349
SOUTH_TRIPURA,TRIPURA,350
SOUTH_WEST,DELHI,351
SRIKAKULAM,ANDHRA_PRADESH,352
SUBARNAPUR,ODISHA,353
SUKMA,CHHATTISGARH,354
SULTANPUR,UTTAR_PRADESH,355
SUNDARGARH,ODISHA,356
SURAJPUR,CHHATTISGARH,357
SURGUJA,CHHATTISGARH,358
TAPI,GUJARAT,359
TEHRI_GARHWAL,UTTARAKHAND,360
THIRUVANANTHAPURAM,KERALA,361
TRISSUR,KERALA,362
TIKAMGARH,MADHYA_PRADESH,363
TONK,RAJASTHAN,364
TUMAKURU,KARNATAKA,365
UDAIPUR,RAJASTHAN,366
UDHAM_SINGH_NAGAR,UTTARAKHAND,367
UDUPI,KARNATAKA,368
UJJAIN,MADHYA_PRADESH,369
UMARIA,MADHYA_PRADESH,370
UNA,HIMACHAL_PRADESH,371
UNNAO,UTTAR_PRADESH,372
UNOKOTI,TRIPURA,373
UTTARA__KANNADA,KARNATAKA,374
VADODARA,GUJARAT,375
VARANASI,UTTAR_PRADESH,376
VIDISHA,MADHYA_PRADESH,377
VIJAYAPURA,KARNATAKA,378
VISAKHAPATNAM,ANDHRA_PRADESH,379
VIZIANAGARAM,ANDHRA_PRADESH,380
WAYANAD,KERALA,381
WEST,SIKKIM,382
WEST,DELHI,383
WEST_GARO_HILLS,MEGHALAYA,384
WEST_GODAVARI,ANDHRA_PRADESH,385
WEST_KHASI_HILLS,MEGHALAYA,386
WEST_NIMAR,MADHYA_PRADESH,387
WEST_TRIPURA,TRIPURA,388
YADGIR,KARNATAKA,389
YANAM,PUDUCHERRY,390
BAUDH_(BAUDA),ODISHA,391
LAWNGTLAI,MIZORAM,392
SERCHHIP,MIZORAM,393
KOLASIB,MIZORAM,394
MAMIT,MIZORAM,395
LUNGLEI,MIZORAM,396
MIRPUR,JAMMU_AND_KASHMIR,397
MUZAFFARABAD,JAMMU_AND_KASHMIR,398
PUNCH,JAMMU_AND_KASHMIR,399
ANANTNAG,JAMMU_AND_KASHMIR,400
BARAMULA,JAMMU_AND_KASHMIR,401
KATHUA,JAMMU_AND_KASHMIR,402
UDHAMPUR,JAMMU_AND_KASHMIR,403
PRAYAGRAJ,UTTAR_PRADESH,404
RI-BHOI,MEGHALAYA,405
SOUTH_EAST,DELHI,406
SOUTH_WEST_KHASI_HILLS,MEGHALAYA,407
SOUTH_WEST_GARO_HILLS,MEGHALAYA,408
NORTH_GARO_HILLS,MEGHALAYA,409
WEST_JAINTIA_HILLS,MEGHALAYA,410
AIZAWL,MIZORAM,411
BADGAM,JAMMU_AND_KASHMIR,412
BANDIPURA,JAMMU_AND_KASHMIR,413
GANDERBAL,JAMMU_AND_KASHMIR,414
KULGAM,JAMMU_AND_KASHMIR,415
KUPWARA,JAMMU_AND_KASHMIR,416
PULWAMA,JAMMU_AND_KASHMIR,417
RAJAURI,JAMMU_AND_KASHMIR,418
RAMBAN,JAMMU_AND_KASHMIR,419
RIASI,JAMMU_AND_KASHMIR,420
SHUPIYAN,JAMMU_AND_KASHMIR,421
SRINAGAR,JAMMU_AND_KASHMIR,422
LEH,LADAKH,423
KARGIL,LADAKH,424
KISHTWAR,JAMMU_AND_KASHMIR,425
DODA,JAMMU_AND_KASHMIR,426
SAMBA,JAMMU_AND_KASHMIR,427
IMPHAL_EAST,MANIPUR,428
JIRIBAM,MANIPUR,429
NIVARI,MADHYA_PRADESH,430
AMRELI,GUJARAT,431
DIU,DADRA_&_NAGAR_HAVELI_&_DAMAN_&_DIU,432
PORBANDAR,GUJARAT,433
RAJKOT,GUJARAT,434
SURENDRANAGAR,GUJARAT,435
BOTAD,GUJARAT,436
KHEDA,GUJARAT,437
MAHESANA,GUJARAT,438
GANDHINAGAR,GUJARAT,439
PATAN,GUJARAT,440
ADILABAD,TELANGANA,441
AHAMADNAGAR,MAHARASHTRA,442
AKOLA,MAHARASHTRA,443
ALIPUR_DUAR,WEST_BENGAL,444
AMARAVATI,MAHARASHTRA,445
AMBALA,HARYANA,446
AMRITSAR,PUNJAB,447
ANJAW,ARUNACHAL_PRADESH,448
ARARIA,BIHAR,449
ARWAL,BIHAR,450
AURANGABAD,BIHAR,451
AURANGABAD,MAHARASHTRA,452
BANKA,BIHAR,453
BANKURA,WEST_BENGAL,454
PURBA_BARDDHAMAN,WEST_BENGAL,455
BARNALA,PUNJAB,456
BATHINDA,PUNJAB,457
BEGUSARAI,BIHAR,458
KAIMUR,BIHAR,459
BHAGALPUR,BIHAR,460
BHANDARA,MAHARASHTRA,461
BHIWANI,HARYANA,462
BHOJPUR,BIHAR,463
BID,MAHARASHTRA,464
BIRBHUM,WEST_BENGAL,465
BULDHANA,MAHARASHTRA,466
BUXAR,BIHAR,467
CHAMOLI,UTTARAKHAND,468
CHANDRAPUR,MAHARASHTRA,469
CHANGLANG,ARUNACHAL_PRADESH,470
DAKSHIN_DINAJPUR,WEST_BENGAL,471
DARBHANGA,BIHAR,472
DARJILING,WEST_BENGAL,473
DHULE,MAHARASHTRA,474
DIBANG_VALLEY,ARUNACHAL_PRADESH,475
PAREN,NAGALAND,476
EAST_KAMENG,ARUNACHAL_PRADESH,477
PURBA_MEDINIPUR,WEST_BENGAL,478
FARIDABAD,HARYANA,479
FARIDKOT,PUNJAB,480
FATEHABAD,HARYANA,481
FATEHGARH_SAHIB,PUNJAB,482
FAZILKA,PUNJAB,483
FIROZPUR,PUNJAB,484
GADCHIROLI,MAHARASHTRA,485
GAYA,BIHAR,486
GONDIA,MAHARASHTRA,487
GOPALGANJ,BIHAR,488
GURDASPUR,PUNJAB,489
GURUGRAM,HARYANA,490
HAORA,WEST_BENGAL,491
HINGOLI,MAHARASHTRA,492
HISAR,HARYANA,493
HOSHIARPUR,PUNJAB,494
HUGLI,WEST_BENGAL,495
HYDERABAD,TELANGANA,496
JAHANABAD,BIHAR,497
JALANDHAR,PUNJAB,498
JALGAON,MAHARASHTRA,499
JALNA,MAHARASHTRA,500
JALPAIGURI,WEST_BENGAL,501
JAMUI,BIHAR,502
JHAJJAR,HARYANA,503
JIND,HARYANA,504
KAITHAL,HARYANA,505
KAPURTHALA,PUNJAB,506
KARIMNAGAR,TELANGANA,507
KARNAL,HARYANA,508
KATIHAR,BIHAR,509
KHAGARIA,BIHAR,510
BHADRADRI_KOTHAGUDEM,TELANGANA,511
KINNAUR,HIMACHAL_PRADESH,512
UKHRUL,MANIPUR,513
PHEK,NAGALAND,514
KISHANGANJ,BIHAR,515
KOCH_BIHAR,WEST_BENGAL,516
KOLHAPUR,MAHARASHTRA,517
KOLKATA,WEST_BENGAL,518
KURUKSHETRA,HARYANA,519
KURUNG_KUMEY,ARUNACHAL_PRADESH,520
LAHUL_&_SPITI,HIMACHAL_PRADESH,521
LAKHISARAI,BIHAR,522
LATUR,MAHARASHTRA,523
LOHIT,ARUNACHAL_PRADESH,524
LOWER_DIBANG_VALLEY,ARUNACHAL_PRADESH,525
LUDHIANA,PUNJAB,526
MADHEPURA,BIHAR,527
MADHUBANI,BIHAR,528
MAHABUBNAGAR,TELANGANA,529
MAHARAJGANJ,UTTAR_PRADESH,530
MAHENDRAGARH,HARYANA,531
MALDAH,WEST_BENGAL,532
MANSA,PUNJAB,533
SIDDIPET,TELANGANA,534
MEWAT,HARYANA,535
MOGA,PUNJAB,536
WOKHA,NAGALAND,537
SRI_MUKTSAR_SAHIB,PUNJAB,538
MUMBAI_CITY,MAHARASHTRA,539
MUNGER,BIHAR,540
MURSHIDABAD,WEST_BENGAL,541
MUZAFFARPUR,BIHAR,542
NADIA,WEST_BENGAL,543
NAGPUR,MAHARASHTRA,544
NALANDA,BIHAR,545
NALGONDA,TELANGANA,546
NANDED,MAHARASHTRA,547
NANDURBAR,MAHARASHTRA,548
NASHIK,MAHARASHTRA,549
NAWADA,BIHAR,550
SHAHID_BHAGAT_SINGH_NAGAR,PUNJAB,551
NIZAMABAD,TELANGANA,552
NORTH_TWENTY-FOUR_PARGANAS,WEST_BENGAL,553
USMANABAD,MAHARASHTRA,554
PALGHAR,MAHARASHTRA,555
PALWAL,HARYANA,556
PANCHKULA,HARYANA,557
PANIPAT,HARYANA,558
PAPUMPARE,ARUNACHAL_PRADESH,559
PARBHANI,MAHARASHTRA,560
PASHCHIMI_CHAMPARAN,BIHAR,561
PASCHIM_MEDINIPUR,WEST_BENGAL,562
PATHANKOT,PUNJAB,563
PATIALA,PUNJAB,564
PATNA,BIHAR,565
PITHORAGARH,UTTARAKHAND,566
PUNE,MAHARASHTRA,567
PURBI_CHAMPARAN,BIHAR,568
PURNIA,BIHAR,569
PURULIYA,WEST_BENGAL,570
RAYGAD,MAHARASHTRA,571
RANGAREDDY,TELANGANA,572
RATNAGIRI,MAHARASHTRA,573
REWARI,HARYANA,574
ROHTAK,HARYANA,575
ROHTAS,BIHAR,576
RUPNAGAR,PUNJAB,577
SAHARSA,BIHAR,578
SAMASTIPUR,BIHAR,579
SANGLI,MAHARASHTRA,580
SANGRUR,PUNJAB,581
SARAN,BIHAR,582
SAS_NAGAR_(SAHIBZADA_AJIT_SINGH_NAGAR),PUNJAB,583
SATARA,MAHARASHTRA,584
SENAPATI,MANIPUR,585
SHEIKHPURA,BIHAR,586
SHEOHAR,BIHAR,587
SINDHUDURG,MAHARASHTRA,588
SIRSA,HARYANA,589
SITAMARHI,BIHAR,590
SIWAN,BIHAR,591
SOLAPUR,MAHARASHTRA,592
SONIPAT,HARYANA,593
SOUTH_TWENTY-FOUR_PARGANAS,WEST_BENGAL,594
SUB_URBAN_MUMBAI,MAHARASHTRA,595
SUPAUL,BIHAR,596
TAMENGLONG,MANIPUR,597
TARN_TARAN,PUNJAB,598
TAWANG,ARUNACHAL_PRADESH,599
THANE,MAHARASHTRA,600
THOUBAL,MANIPUR,601
TIRAP,ARUNACHAL_PRADESH,602
KAMJONG,MANIPUR,603
UPPER_SIANG,ARUNACHAL_PRADESH,604
UPPER_SUBANSIRI,ARUNACHAL_PRADESH,605
UTTAR_DINAJPUR,WEST_BENGAL,606
UTTARKASHI,UTTARAKHAND,607
VAISHALI,BIHAR,608
MULUGU,TELANGANA,609
WARDHA,MAHARASHTRA,610
WASHIM,MAHARASHTRA,611
WEST_KAMENG,ARUNACHAL_PRADESH,612
LOWER_SIANG,ARUNACHAL_PRADESH,613
YAMUNANAGAR,HARYANA,614
YAVATMAL,MAHARASHTRA,615
DIMAPUR,NAGALAND,616
KOHIMA,NAGALAND,617
KIPHIRE,NAGALAND,618
ZUNHEBOTO,NAGALAND,619
MOKOKCHUNG,NAGALAND,620
MON,NAGALAND,621
TUENSANG,NAGALAND,622
JAMMU,JAMMU_AND_KASHMIR,623
LOWER_SUBANSIRI,ARUNACHAL_PRADESH,624
LONGLENG,NAGALAND,625
NONEI,MANIPUR,626
PHERZAWL,MANIPUR,627
TENGNOUPAL,MANIPUR,628
KANGPOKPI,MANIPUR,629
KAKCHING,MANIPUR,630
CHARKHI_DADRI,HARYANA,631
JHARGRAM,WEST_BENGAL,632
PASCHIM_BARDDHAMAN,WEST_BENGAL,633
KALIMPONG,WEST_BENGAL,634
JOGULAMBA_GADWAL,TELANGANA,635
SIANG,ARUNACHAL_PRADESH,636
WEST_SIANG,ARUNACHAL_PRADESH,637
SHI_YOMI,ARUNACHAL_PRADESH,638
LEPA_RADA,ARUNACHAL_PRADESH,639
PAKKE_KESSANG,ARUNACHAL_PRADESH,640
KRA_DAADI,ARUNACHAL_PRADESH,641
NAMSAI,ARUNACHAL_PRADESH,642
KAMLE,ARUNACHAL_PRADESH,643
KUMURAM_BHEEM,TELANGANA,644
MANCHERIAL,TELANGANA,645
NIRMAL,TELANGANA,646
KAMAREDDY,TELANGANA,647
SANGAREDDY,TELANGANA,648
NAGARKURNOOL,TELANGANA,649
WANAPARTHY,TELANGANA,650
NARAYANPET,TELANGANA,651
VIKARABAD,TELANGANA,652
MEDCHAL-MALKAJGIRI,TELANGANA,653
YADADRI_BHUVANAGIRI,TELANGANA,654
SURYAPET,TELANGANA,655
KHAMMAM,TELANGANA,656
MAHABUBABAD,TELANGANA,657
JANGAON,TELANGANA,658
WARANGAL_(URBAN),TELANGANA,659
WARANGAL_(RURAL),TELANGANA,660
JAYASHANKAR_BHUPALAPALLY,TELANGANA,661
PEDDAPALLI,TELANGANA,662
JAGTIAL,TELANGANA,663
RANJANNA_SIRCILLA,TELANGANA,664
MEDAK,TELANGANA,665
EAST_SIANG,ARUNACHAL_PRADESH,666
LONGDING,ARUNACHAL_PRADESH,667
ARIYALUR,TAMIL_NADU,668
CHENGALPATTU,TAMIL_NADU,669
CHENNAI,TAMIL_NADU,670
COIMBATORE,TAMIL_NADU,671
CUDDALORE,TAMIL_NADU,672
DHARMAPURI,TAMIL_NADU,673
DINDIGUL,TAMIL_NADU,674
ERODE,TAMIL_NADU,675
KANCHIPURAM,TAMIL_NADU,676
KALLAKKURICHI,TAMIL_NADU,677
KANYAKUMARI,TAMIL_NADU,678
KARUR,TAMIL_NADU,679
MADURAI,TAMIL_NADU,680
NILGIRIS,TAMIL_NADU,681
NAGAPATTINAM,TAMIL_NADU,682
NAMAKKAL,TAMIL_NADU,683
PERAMBALUR,TAMIL_NADU,684
PUDUKKOTTAI,TAMIL_NADU,685
RAMANATHAPURAM,TAMIL_NADU,686
RANIPPETTAI,TAMIL_NADU,687
SALEM,TAMIL_NADU,688
SIVAGANGA,TAMIL_NADU,689
TENI,TAMIL_NADU,690
TENKASI,TAMIL_NADU,691
THANJAVUR,TAMIL_NADU,692
THIRUVARUR,TAMIL_NADU,693
TIRUCHIRAPALLI,TAMIL_NADU,694
TIRUNELVELI,TAMIL_NADU,695
TIRUPPUR,TAMIL_NADU,696
TIRUPPATTUR,TAMIL_NADU,697
TIRUVALLUR,TAMIL_NADU,698
TIRUVANNAMALAI,TAMIL_NADU,699
TUTICORIN,TAMIL_NADU,700
VELLORE,TAMIL_NADU,701
VILLUPURAM,TAMIL_NADU,702
VIRUDHUNAGAR,TAMIL_NADU,703
KRISHNAGIRI,TAMIL_NADU,704
DISPUTED_(NIMACH_&_CHITTAURGARH_),DISPUTED_(MADHYA_PRADESH_&_RAJASTHAN),705
DISPUTED_(BARAN_&_SHEOPUR,DISPUTED_(MADHYA_PRADESH_&_RAJASTHAN),706
DISPUTED_(SABAR_KANTHA_&_UDAIPUR),DISPUTED_(RAJATHAN_&_GUJARAT),707
DISPUTED_(SABAR_KANTHA_&_SIROHI),DISPUTED_(RAJATHAN_&_GUJARAT),708
DADRA_&_NAGAR_HAVELI,DADRA_&_NAGAR_HAVELI_&_DAMAN_&_DIU,709
BAKSA,ASSAM,710
BARPETA,ASSAM,711
BISWANATH,ASSAM,712
BONGAIGAON,ASSAM,713
CACHAR,ASSAM,714
CHARAIDEO,ASSAM,715
CHIRANG,ASSAM,716
DARRANG,ASSAM,717
DHEMAJI,ASSAM,718
DHUBRI,ASSAM,719
DIBRUGARH,ASSAM,720
DIMA_HASAO,ASSAM,721
GOALPARA,ASSAM,722
GOLAGHAT,ASSAM,723
HAILAKANDI,ASSAM,724
HOJAI,ASSAM,725
JORHAT,ASSAM,726
KAMRUP_METRO,ASSAM,727
KAMRUP_RURAL,ASSAM,728
KARBI_ANGLONG,ASSAM,729
KARIMGANJ,ASSAM,730
KOKRAJHAR,ASSAM,731
LAKHIMPUR,ASSAM,732
MAJULI,ASSAM,733
MARIGAON,ASSAM,734
NAGAON,ASSAM,735
NALBARI,ASSAM,736
SIBSAGAR,ASSAM,737
SONITPUR,ASSAM,738
SOUTH_SALMARA_MANCACHAR,ASSAM,739
TINSUKIA,ASSAM,740
UDALGURI,ASSAM,741
WEST_KARBI_ANGLONG,ASSAM,742
